{
    "camera_matrix_left": [
        [
            615.1428286079713,
            0.0,
            308.83224832993
        ],
        [
            0.0,
            627.5332461917222,
            329.59318935880617
        ],
        [
            0.0,
            0.0,
            1.0
        ]
    ],
    "dist_coeff_left": [
        [
            0.16441879832890005,
            -1.2366736422280764,
            0.014083197966574725,
            -0.012895680482237517,
            2.1686938079015454
        ]
    ],
    "camera_matrix_right": [
        [
            1272.2328805405607,
            0.0,
            345.003566801576
        ],
        [
            0.0,
            1266.29427327995,
            210.31620876359383
        ],
        [
            0.0,
            0.0,
            1.0
        ]
    ],
    "dist_coeff_right": [
        [
            -0.46256109277262886,
            13.891161712963623,
            0.035880640565026815,
            -0.01343685882162261,
            -209.31616380147915
        ]
    ],
    "rotation_matrix": [
        [
            0.9952187946487498,
            -0.006911680086682169,
            -0.09742576382184008
        ],
        [
            0.013925475685176797,
            0.9973436570218146,
            0.07149623014743282
        ],
        [
            0.09667280850803474,
            -0.0725110920944685,
            0.9926714006248173
        ]
    ],
    "translation_vector": [
        [
            250.94669204944054
        ],
        [
            98.62285037031978
        ],
        [
            1168.4209892403312
        ]
    ],
    "essential_matrix": [
        [
            -6.736670147349965,
            -1172.4685129358195,
            14.362387054899258
        ],
        [
            1138.5748070478421,
            10.120666613805332,
            -362.9419116210921
        ],
        [
            -94.65676221196362,
            250.96174115711256,
            27.5501489771192
        ]
    ],
    "fundamental_matrix": [
        [
            1.1882845091738032e-07,
            2.027288546641335e-05,
            -0.006874342607098816
        ],
        [
            -2.0177562222957717e-05,
            -1.7581481585686404e-07,
            0.010246011655265851
        ],
        [
            0.0063268624091893325,
            -0.012477869458777354,
            1.0
        ]
    ]
}