{
    "camera_matrix_left": [
        [
            529.6525774941182,
            0.0,
            326.8937768430819
        ],
        [
            0.0,
            542.2996916385996,
            335.17743302051883
        ],
        [
            0.0,
            0.0,
            1.0
        ]
    ],
    "dist_coeff_left": [
        [
            0.11493643010268148,
            -0.4270078106718306,
            0.009600015599531865,
            -0.00733260530760773,
            0.3284724874477438
        ]
    ],
    "camera_matrix_right": [
        [
            668.870982352568,
            0.0,
            292.6561470472564
        ],
        [
            0.0,
            668.2277074951077,
            254.97213042937656
        ],
        [
            0.0,
            0.0,
            1.0
        ]
    ],
    "dist_coeff_right": [
        [
            -0.2948807932325512,
            6.401814340214483,
            0.01846801512022002,
            -0.004090810426980202,
            -54.14232085968583
        ]
    ],
    "rotation_matrix": [
        [
            0.9996255385048228,
            -0.01078488856646294,
            -0.02514893531646719
        ],
        [
            0.011111979830311114,
            0.9998550091457877,
            0.012902890774063114
        ],
        [
            0.025006132711669606,
            -0.01317751360028215,
            0.9996004434083253
        ]
    ],
    "translation_vector": [
        [
            7.32549477946926
        ],
        [
            2.3955940169567405
        ],
        [
            5.855282091071606
        ]
    ],
    "essential_matrix": [
        [
            -0.005159234585467631,
            -5.88600110145877,
            2.3190867763038643
        ],
        [
            5.669907218751049,
            0.033383242207838684,
            -7.469821940310873
        ],
        [
            -2.3132962090028015,
            7.35026886424702,
            0.1547666979824223
        ]
    ],
    "fundamental_matrix": [
        [
            1.0591759030322204e-08,
            1.1801980372776832e-05,
            -0.006480905277828327
        ],
        [
            -1.1651360631684833e-05,
            -6.700094659152126e-08,
            0.011961429518011421
        ],
        [
            0.006144227782001965,
            -0.013294641612186246,
            1.0
        ]
    ],
    "Q": [
        [
            1.0,
            0.0,
            0.0,
            378.25049901008606
        ],
        [
            0.0,
            1.0,
            0.0,
            -441.6432704925537
        ],
        [
            0.0,
            0.0,
            0.0,
            2419.8386707597283
        ],
        [
            0.0,
            0.0,
            -0.10331478655923916,
            0.0
        ]
    ]
}