{
    "camera_matrix_left": [
        [
            945.5804946772224,
            0.0,
            333.4413361436014
        ],
        [
            0.0,
            951.7642590245428,
            225.41631247630602
        ],
        [
            0.0,
            0.0,
            1.0
        ]
    ],
    "dist_coeff_left": [
        [
            -0.3314615463760283,
            12.976190177916546,
            -0.008966072996217416,
            0.015557618677167111,
            -131.5501078064745
        ]
    ],
    "camera_matrix_right": [
        [
            578.5532358424429,
            0.0,
            343.11530789565563
        ],
        [
            0.0,
            580.9730237756099,
            194.56753138612783
        ],
        [
            0.0,
            0.0,
            1.0
        ]
    ],
    "dist_coeff_right": [
        [
            -0.17931723311668177,
            2.8636356269527288,
            -0.0015710482044255895,
            0.010215856918658405,
            -12.551060029915739
        ]
    ],
    "rotation_matrix": [
        [
            0.996081180868944,
            0.008571453478314995,
            -0.08802733270978427
        ],
        [
            -0.004699059112379152,
            0.9990158855783956,
            0.04410418580443619
        ],
        [
            0.0883187407189909,
            -0.04351770383743776,
            0.9951412007803359
        ]
    ],
    "translation_vector": [
        [
            -1.7556912211685265
        ],
        [
            -0.264213187625337
        ],
        [
            -11.502507405253288
        ]
    ],
    "essential_matrix": [
        [
            -0.07738593825028438,
            11.502685573080193,
            0.24437929502271621
        ],
        [
            -11.302370721433478,
            -0.17499685770090367,
            2.7596957163921303
        ],
        [
            0.2714278807623496,
            -1.7516987290718025,
            -0.10069131400704236
        ]
    ],
    "fundamental_matrix": [
        [
            2.3582008927716462e-07,
            -3.482467792099683e-05,
            0.007067241600288408
        ],
        [
            3.4298541667862734e-05,
            5.2760082995807e-07,
            -0.01947439876044702
        ],
        [
            -0.007232834174727872,
            0.014914475099648872,
            1.0
        ]
    ],
    "Q": [
        [
            1.0,
            0.0,
            0.0,
            -2987.753791809082
        ],
        [
            0.0,
            1.0,
            0.0,
            -310.6009941101074
        ],
        [
            0.0,
            0.0,
            0.0,
            771.1841721000832
        ],
        [
            0.0,
            0.0,
            0.08592005879595954,
            -0.0
        ]
    ]
}